{"x": [2.29766520914116, 2.6276709842422243, 3.5351868657701506, 4.50870390231829, 3.023677914363501, 0.8786403762065835, 1.3406484613480734, 2.0996617440805214, 4.525204191073344, 5.564722382641696, 2.6771718505073836, 2.5121689629568515, 2.0171603003052554, 3.832192063361109, 4.558204768583449, 7.049748370596484, 5.119214586255259, 3.0071776256084477, 2.8091741605478098, 4.228198993482385, 5.036713142479993, 1.9676594340400957, 1.6211533701839782, 0.5816351786156257, 0.8456397986964772, 1.8686577015097763, 4.855209966174408, 5.944229024007919, 5.779226136457387, 2.6276709842422243, 1.8521574127547233, 1.3241481725930204, 2.29766520914116, 3.5021862882600447, 4.376701592277865, 5.48222093886643, 2.8421747380579157, 1.7036548139592442, 1.6541539476940845], "y": [6.4100185528756946, 4.717068645640073, 3.3719851576994433, 2.9313543599257885, 3.85899814471243, 6.294063079777365, 5.157699443413728, 4.09090909090909, 2.7226345083487935, 2.4675324675324672, 4.902597402597402, 5.528756957328385, 7.360853432282002, 5.389610389610389, 4.925788497217068, 1.934137291280148, 2.86178107606679, 5.08812615955473, 5.667903525046381, 3.6966604823747673, 3.441558441558441, 7.314471243042671, 7.54638218923933, 8.218923933209645, 5.946196660482374, 4.833024118738404, 2.9313543599257885, 1.215213358070501, 1.0992578849721706, 3.0009276437847863, 3.9517625231910944, 4.137291280148422, 2.86178107606679, 2.6298701298701292, 2.5602968460111315, 2.0269016697588125, 2.6762523191094614, 5.064935064935064, 5.273654916512059]}