{"y": [8.798701298701296, 8.729128014842297, 7.940630797773653, 7.360853432282002, 6.363636363636362, 4.624304267161409, 3.557513914656771, 2.9777365491651206, 5.250463821892392, 6.456400742115027, 8.845083487940629, 8.821892393320962, 8.102968460111315, 5.551948051948051, 7.036178107606678, 7.96382189239332, 6.31725417439703, 6.270871985157698, 8.12615955473098, 6.294063079777365, 6.479591836734693, 7.731910946196659, 6.943413729128014, 6.757884972170685, 7.337662337662336, 8.845083487940629, 9.053803339517623, 8.984230055658625, 8.288497217068644, 7.337662337662336, 6.363636363636362, 5.20408163265306, 5.041743970315398, 6.549165120593691, 4.9721706864564, 4.763450834879405, 4.879406307977736, 6.502782931354359, 7.360853432282002, 7.453617810760666, 5.807050092764378, 5.528756957328385, 5.598330241187383, 5.018552875695732, 4.717068645640073, 4.9721706864564, 5.320037105751391, 5.528756957328385], "x": [5.845227291477601, 5.828727002722548, 6.274234799108985, 6.752743173005527, 7.445755300717762, 8.468773203531061, 8.765778401122018, 8.798778978632125, 7.8747628083491445, 6.554739707944888, 5.053213431235047, 5.02021285372494, 5.630723537661909, 7.907763385859251, 8.468773203531061, 7.7592607870637735, 7.0992492368616436, 8.15526771718505, 7.69325963204356, 6.950746638066166, 7.973764540879465, 7.726260209553667, 7.214751258147016, 7.924263674614306, 7.528256744493028, 6.142232489068558, 6.142232489068558, 6.587740285454995, 8.138767428429997, 8.237769160960315, 8.584275224816434, 8.782278689877073, 8.749278112366966, 7.775761075818826, 8.05626598465473, 8.023265407144624, 7.858262519594092, 5.9607293127629735, 5.515221516376537, 5.4327200726012705, 6.109231911558451, 6.373236531639304, 7.0992492368616436, 7.7592607870637735, 8.039765695899678, 7.6272584770233465, 7.115749525616698, 6.9837472155762725]}